id,user_id,encounter_loc,user_location
49605936042,72616463@N00,"69.447668, 16.370176","Gothenburg, Sweden"
49605686171,72616463@N00,"69.447668, 16.370176","Gothenburg, Sweden"
49605685426,72616463@N00,"69.447668, 16.370176","Gothenburg, Sweden"
49605934562,72616463@N00,"69.447668, 16.370176","Gothenburg, Sweden"
49605684721,72616463@N00,"69.447668, 16.370176","Gothenburg, Sweden"
49605934397,72616463@N00,"69.447668, 16.370176","Gothenburg, Sweden"
49605175813,72616463@N00,"69.447668, 16.370176","Gothenburg, Sweden"
49605176408,72616463@N00,"69.447668, 16.370176","Gothenburg, Sweden"
